{"model Best": {"threshold": 0.15000000000000002, "malas predicciones": {"_1_0_4.png": 0.08925318761384335, "_1_0_8.png": 0.19971367215461705, "_1_0_19.png": 0.13802816901408452, "_2_6_14.png": 0.1347517730496454, "_2_8_7.png": 0.0012911555842479018, "_2_8_2.png": 0.0030637254901960784, "_2_8_8.png": 0.03462377317339149, "_2_8_4.png": 0.02072714916751614, "_2_8_3.png": 0.036020583190394515, "_2_8_9.png": 0.058862786972770954, "_2_8_5.png": 0.04610717896865521, "_2_0_0.png": 0.02252544942603422, "_2_8_13.png": 0.05226130653266332, "_2_8_0.png": 0.06359053896859247, "_1_1_5.png": 0.016711833785004515, "_1_1_3.png": 0.03312244138444362, "_2_8_12.png": 0.03317535545023697, "_2_4_1.png": 0.03477141017385705, "_2_4_0.png": 0.05321202095395644, "_1_1_2.png": 0.07163091865641441, "_2_8_6.png": 0.09131697017682766, "_1_1_4.png": 0.06086427267194157, "_1_0_24.png": 0.10466321243523316, "_2_0_2.png": 0.034287333522244265, "_1_0_17.png": 0.0690505548705302, "_1_0_33.png": 0.0832875709317225, "_2_0_3.png": 0.09179646936656283, "_2_8_1.png": 0.09468196037539103, "_2_8_14.png": 0.09676129548180727, "_2_3_4.png": 0.13275862068965516, "_2_3_0.png": 0.09471698113207547, "_2_8_11.png": 0.12888198757763975, "_2_7_4.png": 0.11849281110560238, "_1_0_20.png": 0.11652144199555783, "_1_0_29.png": 0.14124087591240875, "_2_0_1.png": 0.09723233794610342, "_2_0_5.png": 0.13532242540904715, "_2_7_6.png": 0.11963746223564954, "_2_3_2.png": 0.09066737569795268, "_2_3_3.png": 0.15593376264949402, "_1_0_21.png": 0.14297430289775834, "_2_7_11.png": 0.16447666515632078, "_2_3_1.png": 0.1521841240018788, "_1_1_0.png": 0.14720260727865292, "_2_7_8.png": 0.17039744175422566, "_1_0_30.png": 0.1851002865329513, "_2_7_5.png": 0.18545192653943104, "_1_0_15.png": 0.1837026447462473, "_2_7_1.png": 0.19594202898550725, "_2_7_3.png": 0.19783834586466165, "_2_8_10.png": 0.18130896226415094, "_2_7_2.png": 0.1940760389036251, "_2_6_21.png": 0.18584703359542531, "_2_6_2.png": 0.18897201440842337, "_1_0_12.png": 0.18054284842939922, "_1_1_1.png": 0.17533252720677148}, "IoU": 0.44281317295505496}, "model 11": {"threshold": 0.1, "malas predicciones": {"_1_0_4.png": 0.1108433734939759, "_2_0_1.png": 0.07990144315381907, "_2_3_0.png": 0.06667918858001502, "_2_6_14.png": 0.1443850267379679, "_1_1_4.png": 0.12762237762237763, "_1_0_17.png": 0.09364686468646864, "_2_8_9.png": 0.09243808767050722, "_1_0_20.png": 0.1004931134160857, "_2_3_2.png": 0.05118212522733177, "_2_0_0.png": 0.06728090850653524, "_2_8_7.png": 0.09105431309904154, "_2_4_1.png": 0.11323763955342903, "_2_4_0.png": 0.11477644492911669, "_2_8_2.png": 0.1351105725537716, "_2_3_1.png": 0.13251334416337898, "_2_8_5.png": 0.14578680203045685, "_2_7_12.png": 0.1582718651211802, "_2_7_1.png": 0.15214994487320838, "_1_0_12.png": 0.16123133191100275, "_2_7_8.png": 0.1705, "_1_0_33.png": 0.16596213931262635, "_2_8_3.png": 0.14563106796116504, "_2_7_3.png": 0.1669802445907808, "_2_8_13.png": 0.16354954237962593, "_1_1_5.png": 0.15744101633393828, "_2_0_2.png": 0.16198944151153097, "_2_0_5.png": 0.16613237789930227, "_2_3_3.png": 0.18177807191705272, "_2_8_8.png": 0.17485159201295197, "_2_8_4.png": 0.17297297297297298, "_2_6_13.png": 0.17490494296577946, "_2_4_4.png": 0.17197452229299362, "_1_0_15.png": 0.19162757127390834, "_2_7_0.png": 0.1910828025477707, "_1_1_2.png": 0.19773790951638065, "_2_8_6.png": 0.1867581113162754, "_2_7_16.png": 0.19350649350649352, "_2_7_4.png": 0.1897410358565737}, "IoU": 0.38792910390187807}}